date,state,daily
6/1/21,Johor,9977
6/1/21,Kedah,9189
6/1/21,Kelantan,9271
6/1/21,Melaka,2864
6/1/21,Negeri Sembilan,4451
6/1/21,Pahang,4856
6/1/21,Perak,8219
6/1/21,Perlis,2019
6/1/21,Pulau Pinang,4683
6/1/21,Sabah,2447
6/1/21,Sarawak,409
6/1/21,Selangor,16168
6/1/21,Terengganu,5209
6/1/21,W.P. Kuala Lumpur,17995
6/1/21,W.P. Labuan,391
6/1/21,W.P. Putrajaya,1533
6/2/21,Johor,9377
6/2/21,Kedah,10845
6/2/21,Kelantan,8674
6/2/21,Melaka,2979
6/2/21,Negeri Sembilan,3361
6/2/21,Pahang,5055
6/2/21,Perak,7787
6/2/21,Perlis,2136
6/2/21,Pulau Pinang,4903
6/2/21,Sabah,8261
6/2/21,Sarawak,547
6/2/21,Selangor,18574
6/2/21,Terengganu,4637
6/2/21,W.P. Kuala Lumpur,17059
6/2/21,W.P. Labuan,796
6/2/21,W.P. Putrajaya,1679
6/3/21,Johor,7765
6/3/21,Kedah,10891
6/3/21,Kelantan,9389
6/3/21,Melaka,3736
6/3/21,Negeri Sembilan,3589
6/3/21,Pahang,5997
6/3/21,Perak,8107
6/3/21,Perlis,2273
6/3/21,Pulau Pinang,5420
6/3/21,Sabah,9855
6/3/21,Sarawak,11786
6/3/21,Selangor,18522
6/3/21,Terengganu,2861
6/3/21,W.P. Kuala Lumpur,16393
6/3/21,W.P. Labuan,947
6/3/21,W.P. Putrajaya,1440
6/4/21,Johor,1782
6/4/21,Kedah,4991
6/4/21,Kelantan,463
6/4/21,Melaka,3547
6/4/21,Negeri Sembilan,3241
6/4/21,Pahang,4166
6/4/21,Perak,9207
6/4/21,Perlis,1231
6/4/21,Pulau Pinang,5663
6/4/21,Sabah,10881
6/4/21,Sarawak,10636
6/4/21,Selangor,16558
6/4/21,Terengganu,1
6/4/21,W.P. Kuala Lumpur,16763
6/4/21,W.P. Labuan,649
6/4/21,W.P. Putrajaya,1392
6/5/21,Johor,10778
6/5/21,Kedah,3397
6/5/21,Kelantan,768
6/5/21,Melaka,2157
6/5/21,Negeri Sembilan,1089
6/5/21,Pahang,2138
6/5/21,Perak,7165
6/5/21,Perlis,783
6/5/21,Pulau Pinang,3615
6/5/21,Sabah,9430
6/5/21,Sarawak,10659
6/5/21,Selangor,10483
6/5/21,Terengganu,923
6/5/21,W.P. Kuala Lumpur,9413
6/5/21,W.P. Labuan,632
6/5/21,W.P. Putrajaya,1
6/6/21,Johor,10764
6/6/21,Kedah,10508
6/6/21,Kelantan,7219
6/6/21,Melaka,0
6/6/21,Negeri Sembilan,1064
6/6/21,Pahang,4173
6/6/21,Perak,7825
6/6/21,Perlis,0
6/6/21,Pulau Pinang,3
6/6/21,Sabah,7538
6/6/21,Sarawak,14707
6/6/21,Selangor,5621
6/6/21,Terengganu,4200
6/6/21,W.P. Kuala Lumpur,8799
6/6/21,W.P. Labuan,0
6/6/21,W.P. Putrajaya,0
6/7/21,Johor,3453
6/7/21,Kedah,2965
6/7/21,Kelantan,495
6/7/21,Melaka,0
6/7/21,Negeri Sembilan,631
6/7/21,Pahang,52
6/7/21,Perak,654
6/7/21,Perlis,0
6/7/21,Pulau Pinang,1531
6/7/21,Sabah,7577
6/7/21,Sarawak,15153
6/7/21,Selangor,9394
6/7/21,Terengganu,301
6/7/21,W.P. Kuala Lumpur,22698
6/7/21,W.P. Labuan,51
6/7/21,W.P. Putrajaya,751
6/8/21,Johor,18326
6/8/21,Kedah,10180
6/8/21,Kelantan,9979
6/8/21,Melaka,3755
6/8/21,Negeri Sembilan,6554
6/8/21,Pahang,6533
6/8/21,Perak,9932
6/8/21,Perlis,1770
6/8/21,Pulau Pinang,7620
6/8/21,Sabah,12035
6/8/21,Sarawak,12446
6/8/21,Selangor,23446
6/8/21,Terengganu,3890
6/8/21,W.P. Kuala Lumpur,25659
6/8/21,W.P. Labuan,526
6/8/21,W.P. Putrajaya,1542
6/9/21,Johor,18623
6/9/21,Kedah,10301
6/9/21,Kelantan,11018
6/9/21,Melaka,3917
6/9/21,Negeri Sembilan,5917
6/9/21,Pahang,8069
6/9/21,Perak,10720
6/9/21,Perlis,2221
6/9/21,Pulau Pinang,8465
6/9/21,Sabah,13477
6/9/21,Sarawak,9137
6/9/21,Selangor,25122
6/9/21,Terengganu,4808
6/9/21,W.P. Kuala Lumpur,22720
6/9/21,W.P. Labuan,648
6/9/21,W.P. Putrajaya,1424
6/10/21,Johor,18892
6/10/21,Kedah,9967
6/10/21,Kelantan,10758
6/10/21,Melaka,3016
6/10/21,Negeri Sembilan,6186
6/10/21,Pahang,7763
6/10/21,Perak,10269
6/10/21,Perlis,2655
6/10/21,Pulau Pinang,10238
6/10/21,Sabah,13752
6/10/21,Sarawak,8119
6/10/21,Selangor,27187
6/10/21,Terengganu,3850
6/10/21,W.P. Kuala Lumpur,25823
6/10/21,W.P. Labuan,634
6/10/21,W.P. Putrajaya,1646
6/11/21,Johor,5902
6/11/21,Kedah,2294
6/11/21,Kelantan,557
6/11/21,Melaka,2870
6/11/21,Negeri Sembilan,4893
6/11/21,Pahang,6009
6/11/21,Perak,11550
6/11/21,Perlis,1488
6/11/21,Pulau Pinang,10093
6/11/21,Sabah,13713
6/11/21,Sarawak,12545
6/11/21,Selangor,25510
6/11/21,Terengganu,182
6/11/21,W.P. Kuala Lumpur,26655
6/11/21,W.P. Labuan,479
6/11/21,W.P. Putrajaya,1563
6/12/21,Johor,18718
6/12/21,Kedah,1891
6/12/21,Kelantan,156
6/12/21,Melaka,2537
6/12/21,Negeri Sembilan,1268
6/12/21,Pahang,5625
6/12/21,Perak,9408
6/12/21,Perlis,0
6/12/21,Pulau Pinang,6088
6/12/21,Sabah,14023
6/12/21,Sarawak,34313
6/12/21,Selangor,17132
6/12/21,Terengganu,1899
6/12/21,W.P. Kuala Lumpur,23341
6/12/21,W.P. Labuan,484
6/12/21,W.P. Putrajaya,0
6/13/21,Johor,16298
6/13/21,Kedah,9287
6/13/21,Kelantan,8543
6/13/21,Melaka,0
6/13/21,Negeri Sembilan,898
6/13/21,Pahang,1489
6/13/21,Perak,8353
6/13/21,Perlis,1
6/13/21,Pulau Pinang,1996
6/13/21,Sabah,9726
6/13/21,Sarawak,33727
6/13/21,Selangor,10877
6/13/21,Terengganu,6360
6/13/21,W.P. Kuala Lumpur,23771
6/13/21,W.P. Labuan,0
6/13/21,W.P. Putrajaya,0
6/14/21,Johor,20622
6/14/21,Kedah,9997
6/14/21,Kelantan,10169
6/14/21,Melaka,2891
6/14/21,Negeri Sembilan,5678
6/14/21,Pahang,6482
6/14/21,Perak,9853
6/14/21,Perlis,3163
6/14/21,Pulau Pinang,9698
6/14/21,Sabah,13860
6/14/21,Sarawak,44444
6/14/21,Selangor,30888
6/14/21,Terengganu,6387
6/14/21,W.P. Kuala Lumpur,25736
6/14/21,W.P. Labuan,1198
6/14/21,W.P. Putrajaya,1394
6/15/21,Johor,20610
6/15/21,Kedah,8779
6/15/21,Kelantan,12304
6/15/21,Melaka,3336
6/15/21,Negeri Sembilan,7602
6/15/21,Pahang,7799
6/15/21,Perak,10435
6/15/21,Perlis,3238
6/15/21,Pulau Pinang,10328
6/15/21,Sabah,17148
6/15/21,Sarawak,47677
6/15/21,Selangor,34955
6/15/21,Terengganu,6317
6/15/21,W.P. Kuala Lumpur,28884
6/15/21,W.P. Labuan,952
6/15/21,W.P. Putrajaya,1557
6/16/21,Johor,17338
6/16/21,Kedah,4880
6/16/21,Kelantan,12541
6/16/21,Melaka,5174
6/16/21,Negeri Sembilan,6638
6/16/21,Pahang,5627
6/16/21,Perak,2484
6/16/21,Perlis,2634
6/16/21,Pulau Pinang,10010
6/16/21,Sabah,18284
6/16/21,Sarawak,54160
6/16/21,Selangor,36718
6/16/21,Terengganu,5542
6/16/21,W.P. Kuala Lumpur,28738
6/16/21,W.P. Labuan,1179
6/16/21,W.P. Putrajaya,1206
6/17/21,Johor,20529
6/17/21,Kedah,8938
6/17/21,Kelantan,11658
6/17/21,Melaka,6146
6/17/21,Negeri Sembilan,6654
6/17/21,Pahang,3961
6/17/21,Perak,10513
6/17/21,Perlis,3002
6/17/21,Pulau Pinang,11145
6/17/21,Sabah,16798
6/17/21,Sarawak,53651
6/17/21,Selangor,36541
6/17/21,Terengganu,5376
6/17/21,W.P. Kuala Lumpur,29073
6/17/21,W.P. Labuan,2531
6/17/21,W.P. Putrajaya,1495
6/18/21,Johor,9104
6/18/21,Kedah,2787
6/18/21,Kelantan,448
6/18/21,Melaka,6563
6/18/21,Negeri Sembilan,6245
6/18/21,Pahang,3835
6/18/21,Perak,11228
6/18/21,Perlis,1996
6/18/21,Pulau Pinang,10334
6/18/21,Sabah,16153
6/18/21,Sarawak,51039
6/18/21,Selangor,33674
6/18/21,Terengganu,0
6/18/21,W.P. Kuala Lumpur,27276
6/18/21,W.P. Labuan,2355
6/18/21,W.P. Putrajaya,1633
6/19/21,Johor,18710
6/19/21,Kedah,3374
6/19/21,Kelantan,555
6/19/21,Melaka,5979
6/19/21,Negeri Sembilan,2099
6/19/21,Pahang,2132
6/19/21,Perak,9313
6/19/21,Perlis,1873
6/19/21,Pulau Pinang,7755
6/19/21,Sabah,16301
6/19/21,Sarawak,50640
6/19/21,Selangor,24353
6/19/21,Terengganu,610
6/19/21,W.P. Kuala Lumpur,24722
6/19/21,W.P. Labuan,2361
6/19/21,W.P. Putrajaya,0
6/20/21,Johor,13774
6/20/21,Kedah,2520
6/20/21,Kelantan,8463
6/20/21,Melaka,2
6/20/21,Negeri Sembilan,1003
6/20/21,Pahang,1263
6/20/21,Perak,8331
6/20/21,Perlis,2153
6/20/21,Pulau Pinang,2097
6/20/21,Sabah,7566
6/20/21,Sarawak,46814
6/20/21,Selangor,16753
6/20/21,Terengganu,5409
6/20/21,W.P. Kuala Lumpur,27366
6/20/21,W.P. Labuan,1772
6/20/21,W.P. Putrajaya,0
6/21/21,Johor,16858
6/21/21,Kedah,10407
6/21/21,Kelantan,9936
6/21/21,Melaka,6424
6/21/21,Negeri Sembilan,6527
6/21/21,Pahang,7762
6/21/21,Perak,10892
6/21/21,Perlis,3790
6/21/21,Pulau Pinang,12984
6/21/21,Sabah,10218
6/21/21,Sarawak,64652
6/21/21,Selangor,35425
6/21/21,Terengganu,6174
6/21/21,W.P. Kuala Lumpur,38096
6/21/21,W.P. Labuan,2649
6/21/21,W.P. Putrajaya,1596
6/22/21,Johor,17292
6/22/21,Kedah,11222
6/22/21,Kelantan,11118
6/22/21,Melaka,6870
6/22/21,Negeri Sembilan,8986
6/22/21,Pahang,9177
6/22/21,Perak,11658
6/22/21,Perlis,3748
6/22/21,Pulau Pinang,13994
6/22/21,Sabah,11228
6/22/21,Sarawak,59853
6/22/21,Selangor,41351
6/22/21,Terengganu,6957
6/22/21,W.P. Kuala Lumpur,40520
6/22/21,W.P. Labuan,3053
6/22/21,W.P. Putrajaya,1754
6/23/21,Johor,18145
6/23/21,Kedah,11625
6/23/21,Kelantan,11069
6/23/21,Melaka,7182
6/23/21,Negeri Sembilan,8938
6/23/21,Pahang,8915
6/23/21,Perak,11289
6/23/21,Perlis,3731
6/23/21,Pulau Pinang,14228
6/23/21,Sabah,13676
6/23/21,Sarawak,60594
6/23/21,Selangor,43161
6/23/21,Terengganu,7385
6/23/21,W.P. Kuala Lumpur,39225
6/23/21,W.P. Labuan,2744
6/23/21,W.P. Putrajaya,1750
6/24/21,Johor,17688
6/24/21,Kedah,12439
6/24/21,Kelantan,10629
6/24/21,Melaka,8327
6/24/21,Negeri Sembilan,9533
6/24/21,Pahang,8967
6/24/21,Perak,13281
6/24/21,Perlis,3211
6/24/21,Pulau Pinang,14397
6/24/21,Sabah,15270
6/24/21,Sarawak,65511
6/24/21,Selangor,46455
6/24/21,Terengganu,6592
6/24/21,W.P. Kuala Lumpur,39378
6/24/21,W.P. Labuan,2707
6/24/21,W.P. Putrajaya,1931
6/25/21,Johor,9028
6/25/21,Kedah,4477
6/25/21,Kelantan,748
6/25/21,Melaka,9129
6/25/21,Negeri Sembilan,8001
6/25/21,Pahang,7036
6/25/21,Perak,10238
6/25/21,Perlis,2555
6/25/21,Pulau Pinang,14079
6/25/21,Sabah,15993
6/25/21,Sarawak,57752
6/25/21,Selangor,44261
6/25/21,Terengganu,93
6/25/21,W.P. Kuala Lumpur,34041
6/25/21,W.P. Labuan,2396
6/25/21,W.P. Putrajaya,1751
6/26/21,Johor,15423
6/26/21,Kedah,3324
6/26/21,Kelantan,1571
6/26/21,Melaka,7774
6/26/21,Negeri Sembilan,2287
6/26/21,Pahang,6102
6/26/21,Perak,7008
6/26/21,Perlis,1255
6/26/21,Pulau Pinang,10833
6/26/21,Sabah,15359
6/26/21,Sarawak,55068
6/26/21,Selangor,37393
6/26/21,Terengganu,6641
6/26/21,W.P. Kuala Lumpur,24445
6/26/21,W.P. Labuan,2012
6/26/21,W.P. Putrajaya,25
6/27/21,Johor,14147
6/27/21,Kedah,10879
6/27/21,Kelantan,8924
6/27/21,Melaka,599
6/27/21,Negeri Sembilan,2130
6/27/21,Pahang,4435
6/27/21,Perak,7402
6/27/21,Perlis,2198
6/27/21,Pulau Pinang,3010
6/27/21,Sabah,10506
6/27/21,Sarawak,51145
6/27/21,Selangor,28626
6/27/21,Terengganu,7057
6/27/21,W.P. Kuala Lumpur,24636
6/27/21,W.P. Labuan,1383
6/27/21,W.P. Putrajaya,13
6/28/21,Johor,8646
6/28/21,Kedah,7976
6/28/21,Kelantan,6283
6/28/21,Melaka,3064
6/28/21,Negeri Sembilan,7745
6/28/21,Pahang,7741
6/28/21,Perak,7101
6/28/21,Perlis,574
6/28/21,Pulau Pinang,12366
6/28/21,Sabah,10640
6/28/21,Sarawak,53714
6/28/21,Selangor,39428
6/28/21,Terengganu,4839
6/28/21,W.P. Kuala Lumpur,35183
6/28/21,W.P. Labuan,2036
6/28/21,W.P. Putrajaya,1265
6/29/21,Johor,15292
6/29/21,Kedah,9994
6/29/21,Kelantan,9451
6/29/21,Melaka,6521
6/29/21,Negeri Sembilan,7696
6/29/21,Pahang,10314
6/29/21,Perak,8592
6/29/21,Perlis,1160
6/29/21,Pulau Pinang,15267
6/29/21,Sabah,11303
6/29/21,Sarawak,47970
6/29/21,Selangor,49210
6/29/21,Terengganu,4490
6/29/21,W.P. Kuala Lumpur,41731
6/29/21,W.P. Labuan,2453
6/29/21,W.P. Putrajaya,1549
6/30/21,Johor,18065
6/30/21,Kedah,8439
6/30/21,Kelantan,11633
6/30/21,Melaka,8348
6/30/21,Negeri Sembilan,9182
6/30/21,Pahang,10817
6/30/21,Perak,14488
6/30/21,Perlis,1730
6/30/21,Pulau Pinang,15476
6/30/21,Sabah,11941
6/30/21,Sarawak,46072
6/30/21,Selangor,59007
6/30/21,Terengganu,6065
6/30/21,W.P. Kuala Lumpur,44056
6/30/21,W.P. Labuan,2491
6/30/21,W.P. Putrajaya,1722
7/1/21,Johor,19401
7/1/21,Kedah,9774
7/1/21,Kelantan,9650
7/1/21,Melaka,7763
7/1/21,Negeri Sembilan,10990
7/1/21,Pahang,8081
7/1/21,Perak,15964
7/1/21,Perlis,2141
7/1/21,Pulau Pinang,14254
7/1/21,Sabah,10753
7/1/21,Sarawak,50974
7/1/21,Selangor,55094
7/1/21,Terengganu,5190
7/1/21,W.P. Kuala Lumpur,45530
7/1/21,W.P. Labuan,2069
7/1/21,W.P. Putrajaya,1738
7/2/21,Johor,9459
7/2/21,Kedah,5296
7/2/21,Kelantan,1042
7/2/21,Melaka,7856
7/2/21,Negeri Sembilan,10636
7/2/21,Pahang,6990
7/2/21,Perak,19410
7/2/21,Perlis,1714
7/2/21,Pulau Pinang,15762
7/2/21,Sabah,11750
7/2/21,Sarawak,41717
7/2/21,Selangor,53648
7/2/21,Terengganu,1240
7/2/21,W.P. Kuala Lumpur,50320
7/2/21,W.P. Labuan,1378
7/2/21,W.P. Putrajaya,1783
7/3/21,Johor,12263
7/3/21,Kedah,6829
7/3/21,Kelantan,638
7/3/21,Melaka,7334
7/3/21,Negeri Sembilan,4304
7/3/21,Pahang,5494
7/3/21,Perak,17585
7/3/21,Perlis,464
7/3/21,Pulau Pinang,11029
7/3/21,Sabah,12026
7/3/21,Sarawak,50203
7/3/21,Selangor,41728
7/3/21,Terengganu,8710
7/3/21,W.P. Kuala Lumpur,42128
7/3/21,W.P. Labuan,1357
7/3/21,W.P. Putrajaya,940
7/4/21,Johor,14765
7/4/21,Kedah,11745
7/4/21,Kelantan,10416
7/4/21,Melaka,0
7/4/21,Negeri Sembilan,4406
7/4/21,Pahang,1961
7/4/21,Perak,16044
7/4/21,Perlis,416
7/4/21,Pulau Pinang,7147
7/4/21,Sabah,8477
7/4/21,Sarawak,41454
7/4/21,Selangor,42044
7/4/21,Terengganu,8989
7/4/21,W.P. Kuala Lumpur,45067
7/4/21,W.P. Labuan,960
7/4/21,W.P. Putrajaya,985
7/5/21,Johor,19190
7/5/21,Kedah,13155
7/5/21,Kelantan,12594
7/5/21,Melaka,7854
7/5/21,Negeri Sembilan,12842
7/5/21,Pahang,10037
7/5/21,Perak,22633
7/5/21,Perlis,2557
7/5/21,Pulau Pinang,15612
7/5/21,Sabah,12006
7/5/21,Sarawak,58753
7/5/21,Selangor,73308
7/5/21,Terengganu,10346
7/5/21,W.P. Kuala Lumpur,51222
7/5/21,W.P. Labuan,1723
7/5/21,W.P. Putrajaya,2239
7/6/21,Johor,18460
7/6/21,Kedah,12981
7/6/21,Kelantan,14853
7/6/21,Melaka,8474
7/6/21,Negeri Sembilan,15519
7/6/21,Pahang,10639
7/6/21,Perak,20944
7/6/21,Perlis,3154
7/6/21,Pulau Pinang,15973
7/6/21,Sabah,12466
7/6/21,Sarawak,63553
7/6/21,Selangor,87183
7/6/21,Terengganu,11140
7/6/21,W.P. Kuala Lumpur,53991
7/6/21,W.P. Labuan,1575
7/6/21,W.P. Putrajaya,2704
7/7/21,Johor,22895
7/7/21,Kedah,15052
7/7/21,Kelantan,16912
7/7/21,Melaka,9469
7/7/21,Negeri Sembilan,23032
7/7/21,Pahang,12060
7/7/21,Perak,23050
7/7/21,Perlis,4406
7/7/21,Pulau Pinang,13246
7/7/21,Sabah,13502
7/7/21,Sarawak,79715
7/7/21,Selangor,87524
7/7/21,Terengganu,10886
7/7/21,W.P. Kuala Lumpur,57328
7/7/21,W.P. Labuan,1626
7/7/21,W.P. Putrajaya,2566
7/8/21,Johor,23665
7/8/21,Kedah,15724
7/8/21,Kelantan,14665
7/8/21,Melaka,9143
7/8/21,Negeri Sembilan,22875
7/8/21,Pahang,11236
7/8/21,Perak,22147
7/8/21,Perlis,3309
7/8/21,Pulau Pinang,17510
7/8/21,Sabah,11969
7/8/21,Sarawak,75473
7/8/21,Selangor,91987
7/8/21,Terengganu,9671
7/8/21,W.P. Kuala Lumpur,53443
7/8/21,W.P. Labuan,2715
7/8/21,W.P. Putrajaya,2523
7/9/21,Johor,15548
7/9/21,Kedah,6446
7/9/21,Kelantan,447
7/9/21,Melaka,8850
7/9/21,Negeri Sembilan,21345
7/9/21,Pahang,7255
7/9/21,Perak,26054
7/9/21,Perlis,2381
7/9/21,Pulau Pinang,16729
7/9/21,Sabah,14730
7/9/21,Sarawak,69876
7/9/21,Selangor,97236
7/9/21,Terengganu,2515
7/9/21,W.P. Kuala Lumpur,53517
7/9/21,W.P. Labuan,2615
7/9/21,W.P. Putrajaya,2434
7/10/21,Johor,26091
7/10/21,Kedah,4677
7/10/21,Kelantan,1218
7/10/21,Melaka,8791
7/10/21,Negeri Sembilan,20718
7/10/21,Pahang,6136
7/10/21,Perak,24104
7/10/21,Perlis,2608
7/10/21,Pulau Pinang,11967
7/10/21,Sabah,16230
7/10/21,Sarawak,67070
7/10/21,Selangor,79187
7/10/21,Terengganu,12668
7/10/21,W.P. Kuala Lumpur,47594
7/10/21,W.P. Labuan,2524
7/10/21,W.P. Putrajaya,2216
7/11/21,Johor,19265
7/11/21,Kedah,8069
7/11/21,Kelantan,11309
7/11/21,Melaka,30
7/11/21,Negeri Sembilan,18433
7/11/21,Pahang,6128
7/11/21,Perak,19312
7/11/21,Perlis,2625
7/11/21,Pulau Pinang,10792
7/11/21,Sabah,13840
7/11/21,Sarawak,58994
7/11/21,Selangor,64602
7/11/21,Terengganu,9709
7/11/21,W.P. Kuala Lumpur,49277
7/11/21,W.P. Labuan,2274
7/11/21,W.P. Putrajaya,2238
7/12/21,Johor,21911
7/12/21,Kedah,16736
7/12/21,Kelantan,14494
7/12/21,Melaka,10413
7/12/21,Negeri Sembilan,20612
7/12/21,Pahang,12772
7/12/21,Perak,24970
7/12/21,Perlis,2802
7/12/21,Pulau Pinang,17860
7/12/21,Sabah,16524
7/12/21,Sarawak,87239
7/12/21,Selangor,99601
7/12/21,Terengganu,12122
7/12/21,W.P. Kuala Lumpur,68333
7/12/21,W.P. Labuan,2908
7/12/21,W.P. Putrajaya,2778
7/13/21,Johor,23032
7/13/21,Kedah,19645
7/13/21,Kelantan,16327
7/13/21,Melaka,10753
7/13/21,Negeri Sembilan,23814
7/13/21,Pahang,13004
7/13/21,Perak,11230
7/13/21,Perlis,3622
7/13/21,Pulau Pinang,20386
7/13/21,Sabah,20287
7/13/21,Sarawak,82223
7/13/21,Selangor,102536
7/13/21,Terengganu,12124
7/13/21,W.P. Kuala Lumpur,71274
7/13/21,W.P. Labuan,3061
7/13/21,W.P. Putrajaya,3149
7/14/21,Johor,21598
7/14/21,Kedah,21171
7/14/21,Kelantan,16790
7/14/21,Melaka,10754
7/14/21,Negeri Sembilan,24596
7/14/21,Pahang,14041
7/14/21,Perak,10568
7/14/21,Perlis,3749
7/14/21,Pulau Pinang,24575
7/14/21,Sabah,19151
7/14/21,Sarawak,80789
7/14/21,Selangor,118396
7/14/21,Terengganu,11914
7/14/21,W.P. Kuala Lumpur,71257
7/14/21,W.P. Labuan,2720
7/14/21,W.P. Putrajaya,2881
7/15/21,Johor,30493
7/15/21,Kedah,21139
7/15/21,Kelantan,17634
7/15/21,Melaka,13800
7/15/21,Negeri Sembilan,25238
7/15/21,Pahang,14955
7/15/21,Perak,17072
7/15/21,Perlis,4638
7/15/21,Pulau Pinang,25596
7/15/21,Sabah,19631
7/15/21,Sarawak,78614
7/15/21,Selangor,116252
7/15/21,Terengganu,12088
7/15/21,W.P. Kuala Lumpur,72612
7/15/21,W.P. Labuan,2508
7/15/21,W.P. Putrajaya,2652
7/16/21,Johor,18031
7/16/21,Kedah,12153
7/16/21,Kelantan,2196
7/16/21,Melaka,12833
7/16/21,Negeri Sembilan,22917
7/16/21,Pahang,13098
7/16/21,Perak,20759
7/16/21,Perlis,3400
7/16/21,Pulau Pinang,23843
7/16/21,Sabah,21394
7/16/21,Sarawak,71651
7/16/21,Selangor,115800
7/16/21,Terengganu,2476
7/16/21,W.P. Kuala Lumpur,69241
7/16/21,W.P. Labuan,2291
7/16/21,W.P. Putrajaya,2543
7/17/21,Johor,22273
7/17/21,Kedah,13253
7/17/21,Kelantan,2184
7/17/21,Melaka,13146
7/17/21,Negeri Sembilan,19207
7/17/21,Pahang,6770
7/17/21,Perak,14696
7/17/21,Perlis,196
7/17/21,Pulau Pinang,19185
7/17/21,Sabah,23425
7/17/21,Sarawak,68159
7/17/21,Selangor,104229
7/17/21,Terengganu,16200
7/17/21,W.P. Kuala Lumpur,64675
7/17/21,W.P. Labuan,2125
7/17/21,W.P. Putrajaya,2304
7/18/21,Johor,17219
7/18/21,Kedah,19470
7/18/21,Kelantan,16427
7/18/21,Melaka,2851
7/18/21,Negeri Sembilan,18907
7/18/21,Pahang,2498
7/18/21,Perak,13040
7/18/21,Perlis,3240
7/18/21,Pulau Pinang,17902
7/18/21,Sabah,14430
7/18/21,Sarawak,55631
7/18/21,Selangor,94223
7/18/21,Terengganu,7828
7/18/21,W.P. Kuala Lumpur,65758
7/18/21,W.P. Labuan,2027
7/18/21,W.P. Putrajaya,2880
7/19/21,Johor,26926
7/19/21,Kedah,15516
7/19/21,Kelantan,17528
7/19/21,Melaka,12424
7/19/21,Negeri Sembilan,16986
7/19/21,Pahang,15177
7/19/21,Perak,16894
7/19/21,Perlis,1396
7/19/21,Pulau Pinang,22471
7/19/21,Sabah,20633
7/19/21,Sarawak,57871
7/19/21,Selangor,122530
7/19/21,Terengganu,5881
7/19/21,W.P. Kuala Lumpur,81752
7/19/21,W.P. Labuan,2425
7/19/21,W.P. Putrajaya,2923
7/20/21,Johor,28117
7/20/21,Kedah,1750
7/20/21,Kelantan,64
7/20/21,Melaka,3098
7/20/21,Negeri Sembilan,8392
7/20/21,Pahang,1925
7/20/21,Perak,4699
7/20/21,Perlis,92
7/20/21,Pulau Pinang,14638
7/20/21,Sabah,9968
7/20/21,Sarawak,50931
7/20/21,Selangor,111152
7/20/21,Terengganu,781
7/20/21,W.P. Kuala Lumpur,71528
7/20/21,W.P. Labuan,59
7/20/21,W.P. Putrajaya,2641
7/21/21,Johor,38856
7/21/21,Kedah,5902
7/21/21,Kelantan,1671
7/21/21,Melaka,12025
7/21/21,Negeri Sembilan,18730
7/21/21,Pahang,18400
7/21/21,Perak,21860
7/21/21,Perlis,153
7/21/21,Pulau Pinang,24711
7/21/21,Sabah,28475
7/21/21,Sarawak,61057
7/21/21,Selangor,131494
7/21/21,Terengganu,7593
7/21/21,W.P. Kuala Lumpur,79993
7/21/21,W.P. Labuan,2732
7/21/21,W.P. Putrajaya,3028
7/22/21,Johor,36499
7/22/21,Kedah,16344
7/22/21,Kelantan,15334
7/22/21,Melaka,13208
7/22/21,Negeri Sembilan,24128
7/22/21,Pahang,18977
7/22/21,Perak,31934
7/22/21,Perlis,3072
7/22/21,Pulau Pinang,30143
7/22/21,Sabah,32585
7/22/21,Sarawak,55985
7/22/21,Selangor,135629
7/22/21,Terengganu,9019
7/22/21,W.P. Kuala Lumpur,88723
7/22/21,W.P. Labuan,2229
7/22/21,W.P. Putrajaya,3841
7/23/21,Johor,30292
7/23/21,Kedah,12872
7/23/21,Kelantan,1628
7/23/21,Melaka,12844
7/23/21,Negeri Sembilan,22184
7/23/21,Pahang,15263
7/23/21,Perak,32164
7/23/21,Perlis,3390
7/23/21,Pulau Pinang,30125
7/23/21,Sabah,36111
7/23/21,Sarawak,48958
7/23/21,Selangor,136912
7/23/21,Terengganu,2587
7/23/21,W.P. Kuala Lumpur,87612
7/23/21,W.P. Labuan,1589
7/23/21,W.P. Putrajaya,2976
7/24/21,Johor,31074
7/24/21,Kedah,15395
7/24/21,Kelantan,764
7/24/21,Melaka,10400
7/24/21,Negeri Sembilan,18290
7/24/21,Pahang,14939
7/24/21,Perak,28795
7/24/21,Perlis,2125
7/24/21,Pulau Pinang,24881
7/24/21,Sabah,30940
7/24/21,Sarawak,47544
7/24/21,Selangor,117563
7/24/21,Terengganu,8805
7/24/21,W.P. Kuala Lumpur,74113
7/24/21,W.P. Labuan,1335
7/24/21,W.P. Putrajaya,3030
7/25/21,Johor,37227
7/25/21,Kedah,20912
7/25/21,Kelantan,18499
7/25/21,Melaka,1969
7/25/21,Negeri Sembilan,12820
7/25/21,Pahang,9785
7/25/21,Perak,25746
7/25/21,Perlis,2423
7/25/21,Pulau Pinang,23358
7/25/21,Sabah,27462
7/25/21,Sarawak,33487
7/25/21,Selangor,109668
7/25/21,Terengganu,13151
7/25/21,W.P. Kuala Lumpur,73299
7/25/21,W.P. Labuan,1418
7/25/21,W.P. Putrajaya,2695
7/26/21,Johor,46198
7/26/21,Kedah,25292
7/26/21,Kelantan,23624
7/26/21,Melaka,15085
7/26/21,Negeri Sembilan,23664
7/26/21,Pahang,24670
7/26/21,Perak,32537
7/26/21,Perlis,3233
7/26/21,Pulau Pinang,27792
7/26/21,Sabah,28558
7/26/21,Sarawak,39965
7/26/21,Selangor,138184
7/26/21,Terengganu,15097
7/26/21,W.P. Kuala Lumpur,86338
7/26/21,W.P. Labuan,1349
7/26/21,W.P. Putrajaya,4107
7/27/21,Johor,46325
7/27/21,Kedah,26548
7/27/21,Kelantan,25241
7/27/21,Melaka,17395
7/27/21,Negeri Sembilan,24983
7/27/21,Pahang,27636
7/27/21,Perak,30808
7/27/21,Perlis,3769
7/27/21,Pulau Pinang,30827
7/27/21,Sabah,32409
7/27/21,Sarawak,37563
7/27/21,Selangor,150710
7/27/21,Terengganu,15559
7/27/21,W.P. Kuala Lumpur,95232
7/27/21,W.P. Labuan,1070
7/27/21,W.P. Putrajaya,4300
7/28/21,Johor,42524
7/28/21,Kedah,27440
7/28/21,Kelantan,25592
7/28/21,Melaka,15242
7/28/21,Negeri Sembilan,25944
7/28/21,Pahang,26498
7/28/21,Perak,31694
7/28/21,Perlis,4808
7/28/21,Pulau Pinang,29058
7/28/21,Sabah,34142
7/28/21,Sarawak,38973
7/28/21,Selangor,163968
7/28/21,Terengganu,16052
7/28/21,W.P. Kuala Lumpur,92640
7/28/21,W.P. Labuan,968
7/28/21,W.P. Putrajaya,4231
7/29/21,Johor,49154
7/29/21,Kedah,26279
7/29/21,Kelantan,24878
7/29/21,Melaka,14453
7/29/21,Negeri Sembilan,28930
7/29/21,Pahang,28033
7/29/21,Perak,31094
7/29/21,Perlis,4156
7/29/21,Pulau Pinang,28053
7/29/21,Sabah,37546
7/29/21,Sarawak,33173
7/29/21,Selangor,164121
7/29/21,Terengganu,16163
7/29/21,W.P. Kuala Lumpur,86860
7/29/21,W.P. Labuan,657
7/29/21,W.P. Putrajaya,3726
7/30/21,Johor,46466
7/30/21,Kedah,16446
7/30/21,Kelantan,2346
7/30/21,Melaka,14849
7/30/21,Negeri Sembilan,27068
7/30/21,Pahang,15787
7/30/21,Perak,31978
7/30/21,Perlis,2463
7/30/21,Pulau Pinang,26388
7/30/21,Sabah,38328
7/30/21,Sarawak,30312
7/30/21,Selangor,174722
7/30/21,Terengganu,5301
7/30/21,W.P. Kuala Lumpur,92883
7/30/21,W.P. Labuan,739
7/30/21,W.P. Putrajaya,5744
7/31/21,Johor,50565
7/31/21,Kedah,19458
7/31/21,Kelantan,3881
7/31/21,Melaka,13776
7/31/21,Negeri Sembilan,23300
7/31/21,Pahang,19755
7/31/21,Perak,29069
7/31/21,Perlis,1938
7/31/21,Pulau Pinang,21539
7/31/21,Sabah,46125
7/31/21,Sarawak,35856
7/31/21,Selangor,163230
7/31/21,Terengganu,21663
7/31/21,W.P. Kuala Lumpur,82063
7/31/21,W.P. Labuan,686
7/31/21,W.P. Putrajaya,5244
8/1/21,Johor,44954
8/1/21,Kedah,23713
8/1/21,Kelantan,25892
8/1/21,Melaka,2591
8/1/21,Negeri Sembilan,23164
8/1/21,Pahang,12962
8/1/21,Perak,24978
8/1/21,Perlis,2173
8/1/21,Pulau Pinang,21430
8/1/21,Sabah,31541
8/1/21,Sarawak,30473
8/1/21,Selangor,154482
8/1/21,Terengganu,14233
8/1/21,W.P. Kuala Lumpur,73478
8/1/21,W.P. Labuan,695
8/1/21,W.P. Putrajaya,4884
8/2/21,Johor,50204
8/2/21,Kedah,28871
8/2/21,Kelantan,31393
8/2/21,Melaka,15044
8/2/21,Negeri Sembilan,22665
8/2/21,Pahang,23630
8/2/21,Perak,32000
8/2/21,Perlis,2872
8/2/21,Pulau Pinang,25882
8/2/21,Sabah,40182
8/2/21,Sarawak,34764
8/2/21,Selangor,104976
8/2/21,Terengganu,15218
8/2/21,W.P. Kuala Lumpur,50871
8/2/21,W.P. Labuan,659
8/2/21,W.P. Putrajaya,4205
8/3/21,Johor,51472
8/3/21,Kedah,31181
8/3/21,Kelantan,32253
8/3/21,Melaka,16041
8/3/21,Negeri Sembilan,26063
8/3/21,Pahang,29064
8/3/21,Perak,31763
8/3/21,Perlis,3227
8/3/21,Pulau Pinang,28941
8/3/21,Sabah,44098
8/3/21,Sarawak,28178
8/3/21,Selangor,108487
8/3/21,Terengganu,15600
8/3/21,W.P. Kuala Lumpur,49768
8/3/21,W.P. Labuan,502
8/3/21,W.P. Putrajaya,3189
8/4/21,Johor,49431
8/4/21,Kedah,31690
8/4/21,Kelantan,33721
8/4/21,Melaka,16774
8/4/21,Negeri Sembilan,25866
8/4/21,Pahang,26715
8/4/21,Perak,31852
8/4/21,Perlis,3263
8/4/21,Pulau Pinang,29036
8/4/21,Sabah,42556
8/4/21,Sarawak,25442
8/4/21,Selangor,118432
8/4/21,Terengganu,14798
8/4/21,W.P. Kuala Lumpur,54466
8/4/21,W.P. Labuan,638
8/4/21,W.P. Putrajaya,4689
8/5/21,Johor,50929
8/5/21,Kedah,34178
8/5/21,Kelantan,34062
8/5/21,Melaka,18628
8/5/21,Negeri Sembilan,25899
8/5/21,Pahang,30144
8/5/21,Perak,32364
8/5/21,Perlis,3797
8/5/21,Pulau Pinang,30070
8/5/21,Sabah,47330
8/5/21,Sarawak,29387
8/5/21,Selangor,117514
8/5/21,Terengganu,15375
8/5/21,W.P. Kuala Lumpur,55829
8/5/21,W.P. Labuan,578
8/5/21,W.P. Putrajaya,4449
8/6/21,Johor,47291
8/6/21,Kedah,25559
8/6/21,Kelantan,4634
8/6/21,Melaka,17128
8/6/21,Negeri Sembilan,25340
8/6/21,Pahang,25597
8/6/21,Perak,34459
8/6/21,Perlis,1895
8/6/21,Pulau Pinang,27859
8/6/21,Sabah,46271
8/6/21,Sarawak,23226
8/6/21,Selangor,115566
8/6/21,Terengganu,3689
8/6/21,W.P. Kuala Lumpur,57460
8/6/21,W.P. Labuan,565
8/6/21,W.P. Putrajaya,3938
8/7/21,Johor,50014
8/7/21,Kedah,32202
8/7/21,Kelantan,8937
8/7/21,Melaka,17520
8/7/21,Negeri Sembilan,22265
8/7/21,Pahang,14313
8/7/21,Perak,27042
8/7/21,Perlis,1641
8/7/21,Pulau Pinang,23385
8/7/21,Sabah,43369
8/7/21,Sarawak,26220
8/7/21,Selangor,106933
8/7/21,Terengganu,17040
8/7/21,W.P. Kuala Lumpur,44644
8/7/21,W.P. Labuan,523
8/7/21,W.P. Putrajaya,3961
8/8/21,Johor,51495
8/8/21,Kedah,35481
8/8/21,Kelantan,24168
8/8/21,Melaka,4761
8/8/21,Negeri Sembilan,20879
8/8/21,Pahang,7332
8/8/21,Perak,26946
8/8/21,Perlis,1513
8/8/21,Pulau Pinang,23033
8/8/21,Sabah,33843
8/8/21,Sarawak,20508
8/8/21,Selangor,96724
8/8/21,Terengganu,10250
8/8/21,W.P. Kuala Lumpur,42422
8/8/21,W.P. Labuan,16
8/8/21,W.P. Putrajaya,4345
8/9/21,Johor,51217
8/9/21,Kedah,35890
8/9/21,Kelantan,24459
8/9/21,Melaka,13660
8/9/21,Negeri Sembilan,19995
8/9/21,Pahang,14635
8/9/21,Perak,32034
8/9/21,Perlis,3816
8/9/21,Pulau Pinang,27327
8/9/21,Sabah,42016
8/9/21,Sarawak,22180
8/9/21,Selangor,112645
8/9/21,Terengganu,10234
8/9/21,W.P. Kuala Lumpur,63104
8/9/21,W.P. Labuan,1530
8/9/21,W.P. Putrajaya,1641
8/10/21,Johor,50829
8/10/21,Kedah,17204
8/10/21,Kelantan,2284
8/10/21,Melaka,5998
8/10/21,Negeri Sembilan,10565
8/10/21,Pahang,6776
8/10/21,Perak,14741
8/10/21,Perlis,769
8/10/21,Pulau Pinang,20753
8/10/21,Sabah,40712
8/10/21,Sarawak,15160
8/10/21,Selangor,110984
8/10/21,Terengganu,15160
8/10/21,W.P. Kuala Lumpur,54448
8/10/21,W.P. Labuan,14
8/10/21,W.P. Putrajaya,2853
8/11/21,Johor,61644
8/11/21,Kedah,33415
8/11/21,Kelantan,21512
8/11/21,Melaka,12478
8/11/21,Negeri Sembilan,20474
8/11/21,Pahang,20153
8/11/21,Perak,36966
8/11/21,Perlis,4018
8/11/21,Pulau Pinang,30200
8/11/21,Sabah,51961
8/11/21,Sarawak,20583
8/11/21,Selangor,114225
8/11/21,Terengganu,21436
8/11/21,W.P. Kuala Lumpur,57426
8/11/21,W.P. Labuan,693
8/11/21,W.P. Putrajaya,2028
8/12/21,Johor,68319
8/12/21,Kedah,34345
8/12/21,Kelantan,24825
8/12/21,Melaka,13740
8/12/21,Negeri Sembilan,21995
8/12/21,Pahang,22961
8/12/21,Perak,40454
8/12/21,Perlis,3519
8/12/21,Pulau Pinang,35743
8/12/21,Sabah,54311
8/12/21,Sarawak,13911
8/12/21,Selangor,120023
8/12/21,Terengganu,21692
8/12/21,W.P. Kuala Lumpur,60986
8/12/21,W.P. Labuan,506
8/12/21,W.P. Putrajaya,2757
8/13/21,Johor,68466
8/13/21,Kedah,21639
8/13/21,Kelantan,1806
8/13/21,Melaka,13384
8/13/21,Negeri Sembilan,21838
8/13/21,Pahang,20029
8/13/21,Perak,32261
8/13/21,Perlis,3078
8/13/21,Pulau Pinang,35363
8/13/21,Sabah,52945
8/13/21,Sarawak,15082
8/13/21,Selangor,127803
8/13/21,Terengganu,4652
8/13/21,W.P. Kuala Lumpur,60083
8/13/21,W.P. Labuan,482
8/13/21,W.P. Putrajaya,1996
8/14/21,Johor,63696
8/14/21,Kedah,24079
8/14/21,Kelantan,979
8/14/21,Melaka,12088
8/14/21,Negeri Sembilan,19373
8/14/21,Pahang,14032
8/14/21,Perak,28849
8/14/21,Perlis,3237
8/14/21,Pulau Pinang,30865
8/14/21,Sabah,50168
8/14/21,Sarawak,24116
8/14/21,Selangor,107589
8/14/21,Terengganu,17581
8/14/21,W.P. Kuala Lumpur,54431
8/14/21,W.P. Labuan,289
8/14/21,W.P. Putrajaya,2100
8/15/21,Johor,61937
8/15/21,Kedah,24244
8/15/21,Kelantan,20978
8/15/21,Melaka,4090
8/15/21,Negeri Sembilan,13831
8/15/21,Pahang,11350
8/15/21,Perak,21884
8/15/21,Perlis,3177
8/15/21,Pulau Pinang,25830
8/15/21,Sabah,44428
8/15/21,Sarawak,17976
8/15/21,Selangor,98646
8/15/21,Terengganu,23451
8/15/21,W.P. Kuala Lumpur,51845
8/15/21,W.P. Labuan,11
8/15/21,W.P. Putrajaya,1592
8/16/21,Johor,70618
8/16/21,Kedah,26607
8/16/21,Kelantan,27187
8/16/21,Melaka,19349
8/16/21,Negeri Sembilan,22418
8/16/21,Pahang,23951
8/16/21,Perak,27890
8/16/21,Perlis,3301
8/16/21,Pulau Pinang,29943
8/16/21,Sabah,55650
8/16/21,Sarawak,14537
8/16/21,Selangor,100659
8/16/21,Terengganu,25856
8/16/21,W.P. Kuala Lumpur,60590
8/16/21,W.P. Labuan,839
8/16/21,W.P. Putrajaya,2952
8/17/21,Johor,72702
8/17/21,Kedah,27873
8/17/21,Kelantan,27466
8/17/21,Melaka,19321
8/17/21,Negeri Sembilan,21027
8/17/21,Pahang,28676
8/17/21,Perak,29417
8/17/21,Perlis,3446
8/17/21,Pulau Pinang,31354
8/17/21,Sabah,60003
8/17/21,Sarawak,14628
8/17/21,Selangor,102335
8/17/21,Terengganu,28718
8/17/21,W.P. Kuala Lumpur,66042
8/17/21,W.P. Labuan,616
8/17/21,W.P. Putrajaya,2609
8/18/21,Johor,70281
8/18/21,Kedah,29877
8/18/21,Kelantan,29175
8/18/21,Melaka,19343
8/18/21,Negeri Sembilan,18181
8/18/21,Pahang,24900
8/18/21,Perak,28186
8/18/21,Perlis,3675
8/18/21,Pulau Pinang,31461
8/18/21,Sabah,59467
8/18/21,Sarawak,12635
8/18/21,Selangor,125258
8/18/21,Terengganu,28221
8/18/21,W.P. Kuala Lumpur,70910
8/18/21,W.P. Labuan,412
8/18/21,W.P. Putrajaya,3109
8/19/21,Johor,72295
8/19/21,Kedah,27083
8/19/21,Kelantan,28731
8/19/21,Melaka,17732
8/19/21,Negeri Sembilan,17124
8/19/21,Pahang,24727
8/19/21,Perak,27668
8/19/21,Perlis,3429
8/19/21,Pulau Pinang,30675
8/19/21,Sabah,56998
8/19/21,Sarawak,12094
8/19/21,Selangor,112070
8/19/21,Terengganu,26376
8/19/21,W.P. Kuala Lumpur,71366
8/19/21,W.P. Labuan,381
8/19/21,W.P. Putrajaya,2547
8/20/21,Johor,68102
8/20/21,Kedah,23496
8/20/21,Kelantan,3155
8/20/21,Melaka,19457
8/20/21,Negeri Sembilan,18157
8/20/21,Pahang,23762
8/20/21,Perak,28759
8/20/21,Perlis,2158
8/20/21,Pulau Pinang,33879
8/20/21,Sabah,53464
8/20/21,Sarawak,13839
8/20/21,Selangor,119719
8/20/21,Terengganu,5812
8/20/21,W.P. Kuala Lumpur,74580
8/20/21,W.P. Labuan,333
8/20/21,W.P. Putrajaya,4149
8/21/21,Johor,64761
8/21/21,Kedah,28754
8/21/21,Kelantan,4535
8/21/21,Melaka,16037
8/21/21,Negeri Sembilan,8987
8/21/21,Pahang,22864
8/21/21,Perak,24067
8/21/21,Perlis,2454
8/21/21,Pulau Pinang,29510
8/21/21,Sabah,53275
8/21/21,Sarawak,13526
8/21/21,Selangor,118645
8/21/21,Terengganu,16270
8/21/21,W.P. Kuala Lumpur,73805
8/21/21,W.P. Labuan,244
8/21/21,W.P. Putrajaya,2965
8/22/21,Johor,65470
8/22/21,Kedah,29257
8/22/21,Kelantan,23437
8/22/21,Melaka,4275
8/22/21,Negeri Sembilan,9737
8/22/21,Pahang,11651
8/22/21,Perak,20626
8/22/21,Perlis,2403
8/22/21,Pulau Pinang,25679
8/22/21,Sabah,42007
8/22/21,Sarawak,11204
8/22/21,Selangor,118849
8/22/21,Terengganu,19235
8/22/21,W.P. Kuala Lumpur,62969
8/22/21,W.P. Labuan,10
8/22/21,W.P. Putrajaya,2580
8/23/21,Johor,71072
8/23/21,Kedah,33541
8/23/21,Kelantan,26690
8/23/21,Melaka,13940
8/23/21,Negeri Sembilan,14809
8/23/21,Pahang,19112
8/23/21,Perak,26489
8/23/21,Perlis,4979
8/23/21,Pulau Pinang,34899
8/23/21,Sabah,46854
8/23/21,Sarawak,11223
8/23/21,Selangor,46254
8/23/21,Terengganu,21161
8/23/21,W.P. Kuala Lumpur,28451
8/23/21,W.P. Labuan,462
8/23/21,W.P. Putrajaya,3147
8/24/21,Johor,71235
8/24/21,Kedah,35087
8/24/21,Kelantan,29842
8/24/21,Melaka,14817
8/24/21,Negeri Sembilan,16128
8/24/21,Pahang,27882
8/24/21,Perak,38066
8/24/21,Perlis,4728
8/24/21,Pulau Pinang,35875
8/24/21,Sabah,50126
8/24/21,Sarawak,7836
8/24/21,Selangor,45894
8/24/21,Terengganu,21996
8/24/21,W.P. Kuala Lumpur,27892
8/24/21,W.P. Labuan,258
8/24/21,W.P. Putrajaya,1490
8/25/21,Johor,69360
8/25/21,Kedah,35634
8/25/21,Kelantan,32486
8/25/21,Melaka,18144
8/25/21,Negeri Sembilan,16857
8/25/21,Pahang,23087
8/25/21,Perak,40063
8/25/21,Perlis,5343
8/25/21,Pulau Pinang,30996
8/25/21,Sabah,52558
8/25/21,Sarawak,6119
8/25/21,Selangor,48325
8/25/21,Terengganu,21930
8/25/21,W.P. Kuala Lumpur,27877
8/25/21,W.P. Labuan,256
8/25/21,W.P. Putrajaya,2794
8/26/21,Johor,64325
8/26/21,Kedah,35432
8/26/21,Kelantan,32489
8/26/21,Melaka,18170
8/26/21,Negeri Sembilan,15583
8/26/21,Pahang,19275
8/26/21,Perak,38580
8/26/21,Perlis,2624
8/26/21,Pulau Pinang,30289
8/26/21,Sabah,53042
8/26/21,Sarawak,9385
8/26/21,Selangor,49979
8/26/21,Terengganu,20744
8/26/21,W.P. Kuala Lumpur,25829
8/26/21,W.P. Labuan,171
8/26/21,W.P. Putrajaya,2733
8/27/21,Johor,58561
8/27/21,Kedah,33020
8/27/21,Kelantan,8672
8/27/21,Melaka,16211
8/27/21,Negeri Sembilan,14110
8/27/21,Pahang,22815
8/27/21,Perak,38255
8/27/21,Perlis,2077
8/27/21,Pulau Pinang,24384
8/27/21,Sabah,48999
8/27/21,Sarawak,5538
8/27/21,Selangor,46133
8/27/21,Terengganu,3132
8/27/21,W.P. Kuala Lumpur,26331
8/27/21,W.P. Labuan,222
8/27/21,W.P. Putrajaya,2340
8/28/21,Johor,60678
8/28/21,Kedah,32077
8/28/21,Kelantan,17530
8/28/21,Melaka,18705
8/28/21,Negeri Sembilan,12551
8/28/21,Pahang,16662
8/28/21,Perak,26679
8/28/21,Perlis,2670
8/28/21,Pulau Pinang,22030
8/28/21,Sabah,46062
8/28/21,Sarawak,4573
8/28/21,Selangor,44094
8/28/21,Terengganu,15626
8/28/21,W.P. Kuala Lumpur,25274
8/28/21,W.P. Labuan,186
8/28/21,W.P. Putrajaya,1956
8/29/21,Johor,58729
8/29/21,Kedah,31430
8/29/21,Kelantan,29005
8/29/21,Melaka,5306
8/29/21,Negeri Sembilan,8947
8/29/21,Pahang,12057
8/29/21,Perak,27950
8/29/21,Perlis,2356
8/29/21,Pulau Pinang,19757
8/29/21,Sabah,38915
8/29/21,Sarawak,2467
8/29/21,Selangor,40061
8/29/21,Terengganu,13503
8/29/21,W.P. Kuala Lumpur,21414
8/29/21,W.P. Labuan,12
8/29/21,W.P. Putrajaya,1582
8/30/21,Johor,58037
8/30/21,Kedah,37560
8/30/21,Kelantan,33802
8/30/21,Melaka,12638
8/30/21,Negeri Sembilan,13026
8/30/21,Pahang,21181
8/30/21,Perak,34290
8/30/21,Perlis,2365
8/30/21,Pulau Pinang,24767
8/30/21,Sabah,41322
8/30/21,Sarawak,3464
8/30/21,Selangor,38109
8/30/21,Terengganu,14172
8/30/21,W.P. Kuala Lumpur,34480
8/30/21,W.P. Labuan,353
8/30/21,W.P. Putrajaya,672
8/31/21,Johor,55066
8/31/21,Kedah,23301
8/31/21,Kelantan,16024
8/31/21,Melaka,9880
8/31/21,Negeri Sembilan,3503
8/31/21,Pahang,9113
8/31/21,Perak,10816
8/31/21,Perlis,735
8/31/21,Pulau Pinang,20003
8/31/21,Sabah,42640
8/31/21,Sarawak,1228
8/31/21,Selangor,36605
8/31/21,Terengganu,18359
8/31/21,W.P. Kuala Lumpur,23034
8/31/21,W.P. Labuan,15
8/31/21,W.P. Putrajaya,332
9/1/21,Johor,61003
9/1/21,Kedah,34291
9/1/21,Kelantan,37709
9/1/21,Melaka,17681
9/1/21,Negeri Sembilan,13631
9/1/21,Pahang,27976
9/1/21,Perak,40898
9/1/21,Perlis,4559
9/1/21,Pulau Pinang,27051
9/1/21,Sabah,44945
9/1/21,Sarawak,3176
9/1/21,Selangor,41559
9/1/21,Terengganu,22097
9/1/21,W.P. Kuala Lumpur,31716
9/1/21,W.P. Labuan,359
9/1/21,W.P. Putrajaya,489